Short name,Distance,Integral norm,Integral square,S1 HEOE,S2 HEOE,T1 HEOE,T2 HEOE,HOMO-LUMO gap,dE(S1-T1),S1 energy,T1 energy,SOCME S1-T1,T1 S1 kRISC
A1,4.534643,0.2376013603,0.0001260289,0.12290312285274761,0.12400345455585565,0.5228354340864653,0.553729405579945,4.1203,0.3925788678000002,3.5724486490000005,3.1798697812000003,0.05744562646538029,4.348020070026406e-11
A2,1.97623,0.6383477117,0.0007115496,0.41011389342832283,0.41653975260708304,0.5176019889122755,0.5176163680471522,4.2185999999999995,0.6129367850000005,3.5512781798000006,2.9383413948,0.06403124237432849,4.3284597181746705e-11
A3,4.130674,0.2979722101,0.0001998281,0.15734826207834204,0.24566852440787804,0.38855669002355914,0.39691520257217555,3.809,0.34392488460000026,3.2312993272000003,2.8873744426,0.09695359714832658,1.283712864107505e-10
A4,3.799775,0.3664207846,0.000345223,0.11433896432845432,0.3055166611576494,0.4031141439039289,0.39689351424585767,3.9671000000000003,0.43059319360000003,3.3349203384,2.9043271448,0.3626292872893749,1.6792419164973345e-09
A5,7.453985,0.0568764959,8.5835e-06,0.04211313179414938,0.042364926084781034,0.06881582950745113,0.06777327790675632,3.8195000000000006,0.03714356100000016,3.2240883062,3.1869447452,0.042426406871192854,2.763017293609009e-11
A6,7.933502,0.0577112256,8.4013e-06,0.04251826458562104,0.04069620598979317,0.2741459709340031,0.2936580585396726,3.6256000000000004,0.09436913519999957,3.0498809234,2.9555117882000004,0.05385164807134505,4.4181519043044405e-11
A7,7.622807,0.0585780245,9.6648e-06,0.04173524751362798,0.04218744723088496,0.14465629952935682,0.1531095814839823,3.4166999999999996,0.05934806339999987,2.8223936194,2.7630455560000002,0.07280109889280519,8.118138767456861e-11
A8,3.644487,0.4264571765,0.0004696863,0.19891121812027962,0.32962431511301515,0.5116046479096974,0.5030398781796065,4.3681,0.6111136211999999,3.7356082034,3.1244945822,0.9249324299644812,9.051878755582418e-09
B1,6.019092,0.1727608998,6.36954e-05,0.07773285711953437,0.07989158335652376,0.5968514162722424,0.6294532626762918,3.9867,0.4508656865999998,3.5703805826,3.119514896,0.07348469228349534,6.773618065292852e-11
B2,5.122558,0.2947829192,0.0002056812,0.151574142632183,0.2111446923610921,0.5630323973332262,0.5523183892520541,3.9667,0.5561193817999999,3.4752495282,2.9191301464,0.09899494936611665,1.105662618510534e-10
B3,5.674449,0.1797940288,7.09691e-05,0.05098527959286023,0.0646409967617738,0.44110136755014423,0.4666996465240537,3.5855999999999995,0.21189517180000017,3.1453929374,2.9334977656,0.13674794331177342,2.74822473187555e-10
B4,5.181652,0.2411653187,0.0001369401,0.09105545894607828,0.09646822105840906,0.46542126561476715,0.4774658809012932,3.6513999999999998,0.25943348759999996,3.1732301996,2.913796712,0.08717797887081347,1.0921778211540307e-10
B5,8.73919,0.0172007705,5.926e-07,0.009314071945894951,0.012939349945923618,0.6041983405288363,0.6217732432161133,3.7034000000000002,0.17469718800000011,3.3153009190000002,3.140603731,0.21840329667841554,7.111715407165536e-10
B6,9.140071,0.0169807744,5.149e-07,0.01709583923058813,0.016439613710401105,0.3742864542345855,0.37882610243073467,3.5437000000000003,0.1458258926,3.1618286230000003,3.0160027304000003,0.21213203435596428,6.771539693639303e-10
B7,8.84763,0.016254745,6.161e-07,0.010886834159234292,0.013904211744045374,0.30143078781629234,0.2831055406058216,3.3364000000000003,0.05556567879999985,2.9470490428,2.891483364,0.216794833886788,7.202233946144267e-10
B8,5.529701,0.3007424544,0.000205333,0.16848204255293103,0.2221545914874368,0.6232679274861308,0.630011344595162,4.1389,0.5877390285999997,3.6619197322,3.0741807036,1.0890821823902914,1.2906548593246725e-08
C1,8.492879,0.0565351882,7.8816e-06,0.009001286672460845,0.008103119934793786,0.5834536504585353,0.6038231716687354,3.7487,0.22775941799999977,3.3828124024,3.1550529844,0.16431676725154984,3.9404451716791204e-10
C2,7.969532,0.1042615396,2.9183e-05,0.020961150335923807,0.020403575219639338,0.5256200305085256,0.5303313310440707,3.7246000000000006,0.38272834099999997,3.3052054896,2.9224771486,0.17748239349298847,4.182201380556194e-10
C3,5.972108,0.0713586769,1.02932e-05,0.01066659574250212,0.009689240369749752,0.3028703667536913,0.3612456043807672,3.3295,0.05548404460000045,2.9447088624,2.8892248177999997,0.042426406871192854,2.758327367733319e-11
C4,8.426202,0.0798025349,2.10673e-05,0.013015868282772151,0.013772117351787502,0.3811960152726745,0.41827914800233046,3.4048000000000003,0.1088183885999996,2.99461457,2.8857961814000004,0.20049937655763422,6.106518120728952e-10
C5,9.673461,0.0079629512,1.281e-07,0.0012479465730996888,0.0014559807140528392,0.0012481870513409172,0.0014563086768023756,3.4534000000000002,0.000544228000000313,3.0899905270000003,3.089446299,0.01414213562373095,3.0742567616538443e-12
C6,10.530793,0.0075374733,1.07e-07,0.001133261422496109,0.0013197810035930702,0.019265231711508336,0.023259038975479585,3.3023000000000002,0.0018775866000000363,2.9430217556000002,2.941144169,0.03741657386773942,2.1519727841093132e-11
C7,10.621302,0.0070293643,1.038e-07,0.0011975539175296712,0.0013687176247641668,0.0011979141104560575,0.008297129342104654,3.0796000000000006,0.001170090200000029,2.7191263564000003,2.7179562662000003,0.022360679774997897,7.68563365800663e-12
C8,8.497736,0.0996019254,3.67947e-05,0.016504890030350324,0.02007950881500785,0.5481599933585789,0.5789234277052407,3.8693,0.35165292220000044,3.4385141382000004,3.086861216,0.32155870381627055,1.4045139256482186e-09
D1,5.537305,0.2163671595,9.70627e-05,0.14292783138867046,0.1404182515218614,0.5995257502671185,0.6034461145119865,4.2163,0.5311937393999999,3.7191453063999997,3.187951567,0.14730919862656236,2.5155127585623726e-10
D2,4.542446,0.4024552871,0.0003130243,0.4281643405743912,0.4237455559481557,0.5269916217814673,0.5356639055010715,4.2139,0.6504613055999999,3.5809658172,2.9305045116,0.1004987562112089,1.0169080549942196e-10
D3,5.078636,0.2190047674,0.0001024563,0.10434114034040608,0.2556102355909779,0.4159277510228209,0.40560546619190596,3.8296,0.39032032159999996,3.342376262,2.9520559404,0.4301162633521313,2.4418402839867114e-09
D4,4.761933,0.2867490009,0.0001961551,0.09912790647858478,0.12440380936151854,0.46986984958463884,0.46396150970479083,3.9071000000000002,0.43851171099999986,3.3806627018,2.9421509908,0.16792855623746666,3.5764140929295687e-10
D5,8.003578,0.038248352,2.7185e-06,0.048424730880020535,0.048163629461499914,0.6237003184184791,0.6268060914534311,3.9449000000000005,0.15001644820000015,3.3776694478000002,3.2276529996,0.38183766184073564,2.191260574434989e-09
D6,8.278652,0.0465174465,4.9342e-06,0.09690380206727447,0.09517854376764996,0.3691047718970834,0.37545524986367185,3.7731999999999997,0.18824846520000005,3.1994619892,3.011213524,0.04123105625617661,2.5221382421992365e-11
D7,8.12658,0.0384329628,3.6921e-06,0.049987079394581434,0.050134612356309456,0.28656285449762636,0.2837962773724392,3.5404,0.10699522480000034,2.9619881014000002,2.8549928766,0.08246211251235322,1.033349869253619e-10
D8,5.282995,0.3539809711,0.0003085871,0.23542886808574057,0.247088508675645,0.5854061283642524,0.5686952664099111,4.3521,0.6903260065999999,3.80823543,3.1179094234,1.5417198189035517,2.2686011462478764e-08
E1,5.264201,0.2152572216,0.0001110645,0.1038004605117753,0.11678763148824477,0.6109886750091043,0.6302890361169586,4.0893,0.5138328661999996,3.6231706986,3.1093378324000005,0.1489966442575134,2.6205894296975025e-10
E2,4.318863,0.3629707623,0.0003478277,0.17716605250935222,0.3719867055091752,0.5665754179274258,0.5799264894313819,4.0619,0.5894261353999997,3.5061344672,2.9167083318,0.11357816691600547,1.4009286433765216e-10
E3,4.931422,0.2207858351,0.0001170149,0.06075785054343882,0.09138504177641864,0.4896831405323802,0.5038913570842242,3.6934000000000005,0.2539095734000001,3.1991898752,2.9452803018,0.03162277660168379,1.4411569271886452e-11
E4,4.459124,0.2974748982,0.000229941,0.10547192313437603,0.12796704640288406,0.43592362327181833,0.48609862930973796,3.7577999999999996,0.30721670599999973,3.2154895037999998,2.9082727978,0.12688577540449522,2.2518866110827357e-10
E5,8.144873,0.0224210459,1.0955e-06,0.01120519297526613,0.011222457322812155,0.6059955355243822,0.6296318227965645,3.8179999999999996,0.2662363376000001,3.393397637,3.1271612994,0.21307275752662516,6.501035739428336e-10
E6,8.519272,0.0225589705,9.794e-07,0.019645138497888834,0.01918987479796889,0.3924414133417668,0.39981861796998974,3.6512000000000002,0.2121400744000006,3.2350272890000005,3.0228872146,0.24124676163629638,8.552410172261927e-10
E7,8.291334,0.0211948806,9.926e-07,0.012124860662919427,0.011151495940092244,0.3891139286666757,0.3857266865797438,3.439,0.09251876000000037,3.0184517564,2.9259329964,0.29120439557122074,1.2923753994389906e-09
E8,4.888129,0.3542271671,0.0003144981,0.2002432294503752,0.27771428907974705,0.6176402282487126,0.6283844572608136,4.243,0.6406924130000005,3.7126962046000003,3.0720037916,1.1636580253665594,1.3806667616096452e-08
F1,4.98827,0.2977426298,0.0001890971,0.1692949613552886,0.16524122040577408,0.6358586915491184,0.6469990943875197,4.3651,0.6771829004000005,3.8375421078000005,3.1603592074,0.15588457268119896,2.3613437932278786e-10
F2,0.894792,0.7170317305,0.0008616532,0.4427114090982585,0.4467936302213349,0.5608234670515229,0.5615196080112369,4.2789,0.6815911472000002,3.6091024048,2.9275112576,0.091104335791443,8.017328863610067e-11
F3,4.806181,0.2898366772,0.0001747614,0.2522299815908924,0.2672684012249414,0.5084534799527727,0.5084025856750737,3.9753,0.4433009174000002,3.4378338532000003,2.9945329358,0.197484176581315,4.92526033885582e-10
F4,4.337756,0.3551031869,0.0002999314,0.1308058231168804,0.26256824784474253,0.468281888943338,0.48267138745623145,4.0396,0.5135607522000001,3.4831136228000004,2.9695528706000003,0.2640075756488817,8.230006979237727e-10
F5,8.024759,0.0458998672,4.9405e-06,0.052161581264746695,0.05163205153862196,0.6672108847312969,0.6621206499633918,4.100099999999999,0.32776131300000033,3.5064065812000003,3.1786452682,0.2437211521390788,8.200523053232771e-10
F6,8.09984,0.0678665568,1.0784e-05,0.13577237886891816,0.14193066458270318,0.4012655348049069,0.4067311751059997,3.9322,0.2889034338000003,3.3184030186,3.0294995848,0.04123105625617661,2.4038685636148102e-11
F7,8.235902,0.043589418,4.7455e-06,0.057627513361363764,0.05687948365736137,0.40902728828858953,0.4028366161965668,3.7106,0.17954081719999948,3.1022900798,2.9227492626000005,0.1319090595827292,2.5897633278459027e-10
F8,4.318728,0.4991117762,0.0005432447,0.3653766150779312,0.3529007444882257,0.6215168098027365,0.6278669534092266,4.5058,0.806001668,3.9170266072,3.1110249392,1.872404870747777,2.814331790690353e-08
G1,9.292899,0.0311624392,6.8853e-06,0.003698271559579071,0.003617578276715145,0.007248267041959487,0.007052679829005927,3.4432,0.015401652400000021,3.0751331026,3.0597314502,0.08602325267042626,1.137205549168761e-10
G2,8.65207,0.0542332904,2.08116e-05,0.0070456885361894145,0.006969711093528326,0.023244140539810117,0.022664482874882687,3.3675,0.030748882000000144,2.9362733284,2.9055244464,0.2083266665599966,6.664834609262861e-10
G3,9.03028,0.0297359013,5.8528e-06,0.0017654848775081786,0.0017521874845047756,0.0017690258468198823,0.0017558040080009939,3.0111,0.004571515199999876,2.6319954536,2.6274239384,0.03,1.3833870411262764e-11
G4,8.650346,0.0421095272,1.24816e-05,0.0032272822023779605,0.0030979810655302155,0.003228623348627711,0.003099089836457224,3.0397999999999996,0.009523989999999927,2.630389981,2.620865991,0.05916079783099616,5.3794629525786996e-11
G5,9.021238,0.0047214672,5.89e-08,0.00023932746827237957,0.0002400592634648607,0.00023932762787068321,0.00024006226308824174,3.1626999999999996,5.4422799999898075e-05,2.804815055,2.8047606322000003,0.0,0.0
G6,10.045776,0.0036547045,3.95e-08,0.00022463611284649545,0.00022651045995370503,0.00022463611786009317,0.00022651044622337276,3.0109999999999997,2.7211399999949037e-05,2.657057153,2.6570299416,0.0,0.0
G7,9.957929,0.0040869763,5.1e-08,0.00024006690178489983,0.00023765833470625403,0.00024006688414242674,0.00023765833115417704,2.7737000000000003,5.4422800000342164e-05,2.416644434,2.4165900112,0.0,0.0
G8,9.011945,0.0525691509,2.05932e-05,0.01132284264908524,0.011192415189498359,0.04549381934110942,0.03918369634122584,3.5889,0.0489533085999998,3.169447815,3.1204945064,0.29748949561287036,1.3571029227054931e-09
H1,5.839661,0.1518159396,5.81608e-05,0.04140017799562522,0.04355054264176818,0.4674539098154058,0.5334646659203622,3.7245,0.24370529839999966,3.3001713806,3.0564660822000005,0.12727922061357855,2.346559378145734e-10
H2,5.043193,0.2627148298,0.0001857966,0.1310184207911074,0.13037966666350795,0.46593132262096726,0.520690697840704,3.6959000000000004,0.3239517169999999,3.1966047922,2.8726530752,0.15588457268119896,3.3630988527602444e-10
H3,5.493423,0.1701213984,7.19563e-05,0.04829091386001924,0.057395710384093294,0.15643006448597604,0.24563242530246407,3.3184000000000005,0.09330789059999978,2.8641631184,2.7708552278000003,0.05,3.8095103109416925e-11
H4,5.275227,0.2119047702,0.0001154801,0.07669314764123678,0.08244023287681765,0.20714819843295287,0.28326525691982046,3.4273,0.1531729706,2.9523824772,2.7992095066,0.10677078252031312,1.7116923981944587e-10
H5,8.440579,0.014164344,4.684e-07,0.003315058616646237,0.0028443568223188048,0.0033244423425719608,0.0028604909222318827,3.4440000000000004,0.0004625938000000218,3.0510510136,3.0505884198,0.01,1.5371285071651878e-12
H6,9.193899,0.011860087,3.047e-07,0.0023478929186851526,0.002906156144169551,0.002411226004708325,0.0029202912180879034,3.2755000000000005,0.000544228000000313,2.9048713728,2.9043271448,0.01414213562373095,3.0742567616538443e-12
H7,8.658108,0.0126209086,4.05e-07,0.0028681161559362587,0.00282966949935593,0.002881187262987063,0.002844083652091705,3.0426,0.0002993254000003276,2.6580639748,2.6577646494,0.0,0.0
H8,5.569086,0.2524539036,0.000168918,0.14142585245918793,0.17308509887195334,0.5126968933170573,0.5520916125056785,3.8866000000000005,0.3828643979999997,3.410132648,3.02726825,1.0658799181896619,1.5082235200976448e-08
I1,10.118312,0.0142187135,1.064e-06,0.0008640305463579339,0.0008695030261511003,0.6098598913296237,0.6098769514614631,3.2292,0.3180196317999999,2.8918099008,2.5737902690000003,0.4476605857119878,2.7841008903150656e-09
I2,9.506427,0.0256787242,3.5885e-06,0.0025583055678211277,0.002567476915301909,0.6182317481213235,0.6181637468699195,3.1249000000000002,0.16653376799999986,2.7409226878,2.5743889198,0.8132650244538985,9.888489488884315e-09
I3,9.841274,0.0143411562,1.043e-06,0.0008274924115675242,0.0008262795845153521,0.0008273376377287419,0.000826139994554114,2.7779,0.0007074964000000072,2.4294882148,2.4287807184,0.02,6.1485122667543075e-12
I4,9.467135,0.0207643117,2.374e-06,0.0014211461589688393,0.0013754710841402493,0.0014211461772514913,0.0013761703709420895,2.7956000000000003,0.0014966269999998616,2.4228214218,2.4213247948000003,0.04123105625617661,2.6131131682711794e-11
I5,12.89071,0.0007647907,1.9e-09,0.00013477327378624973,0.00013568505305520083,0.6092711423701012,0.6093518298099883,2.9505,0.042939589200000405,2.6169475494000003,2.5740079602,0.022360679774997897,7.671486381954646e-12
I6,10.653512,0.0027870855,2.18e-08,0.00012577966054055844,0.0001264620534031086,0.0001257796622803284,0.00012646205577065107,2.8026,2.7211399999949037e-05,2.4715570392000004,2.4715298278000004,0.0,0.0
I7,13.279529,0.0002967615,3e-10,0.0001330777862033207,0.00013319339110013325,0.0001330777865509234,0.00013319338902261253,2.5764,2.7211400000393127e-05,2.2444506948000003,2.2444234834,0.0,0.0
I8,10.47374,0.0215087122,2.8044e-06,0.0025258169353778765,0.002682923382755466,0.6110584475310784,0.6126024967849706,3.4102,0.46240332019999997,3.036248012,2.5738446918,0.0,0.0
